1454743808.54,192.168.0.29,0,1454743808.44,4,1454743808.53,0.0956761837006
1454743873.96,192.168.0.29,0,1454743873.8,4,1454743873.85,0.0498940944672
1454743847.9,192.168.0.29,0,1454743847.75,4,1454743847.84,0.0884177684784
1454743864.91,192.168.0.29,0,1454743864.82,4,1454743864.86,0.0467491149902
1454743811.56,192.168.0.29,0,1454743811.4,4,1454743811.55,0.149988889694
1454743812.57,192.168.0.29,0,1454743812.41,4,1454743812.51,0.106547117233
1454743853.86,192.168.0.29,0,1454743853.71,4,1454743853.78,0.0745000839233
1454743866.92,192.168.0.29,0,1454743866.76,4,1454743866.81,0.0528998374939
1454743818.62,192.168.0.29,0,1454743818.53,4,1454743818.62,0.0921130180359
1454743819.62,192.168.0.29,0,1454743819.55,4,1454743819.55,0.000816106796265
1454743820.64,192.168.0.29,0,1454743820.52,4,1454743820.61,0.0857119560242
1454743801.49,192.168.0.29,0,1454743801.36,4,1454743801.46,0.102662086487
1454743823.45,192.168.0.29,0,1454743823.29,4,1454743823.35,0.0602920055389
1454743824.75,192.168.0.29,0,1454743824.59,4,1454743824.63,0.0480198860168
1454743783.39,192.168.0.29,0,1454743783.24,4,1454743783.3,0.0618431568146
1454743853.85,192.168.0.29,0,1454743853.71,4,1454743853.77,0.0584189891815
1454743855.86,192.168.0.29,0,1454743855.72,4,1454743855.8,0.0848100185394
1454743871.95,192.168.0.29,0,1454743872.11,4,1454743872.29,0.180032968521
1454743742.95,192.168.0.29,0,1454743742.89,4,1454743742.89,0.000744819641113
1454743811.58,192.168.0.29,0,1454743811.45,4,1454743811.58,0.12733912468
1454743802.32,192.168.0.29,0,1454743802.16,4,1454743802.23,0.0670499801636
1454743743.15,192.168.0.29,0,1454743742.99,4,1454743743.05,0.0558249950409
1454743829.67,192.168.0.29,0,1454743829.51,4,1454743829.63,0.115489006042
1454743744.24,192.168.0.29,0,1454743744.11,4,1454743744.36,0.248229980469
1454743842.58,192.168.0.29,0,1454743842.42,4,1454743842.48,0.0558278560638
1454743834.51,192.168.0.29,0,1454743834.38,4,1454743834.47,0.0913088321686
1454743749.19,192.168.0.29,0,1454743749.04,4,1454743749.09,0.0566239356995
1454743847.83,192.168.0.29,0,1454743847.7,4,1454743847.8,0.100829124451
1454743836.52,192.168.0.29,0,1454743836.45,4,1454743836.45,0.001060962677
1454743751.2,192.168.0.29,0,1454743751.04,4,1454743751.14,0.097443819046
1454743752.0,192.168.0.29,0,1454743751.86,4,1454743751.95,0.0908648967743
1454743838.72,192.168.0.29,0,1454743838.58,4,1454743838.63,0.0512099266052
1454743834.53,192.168.0.29,0,1454743834.39,4,1454743834.47,0.0824391841888
1454743743.26,192.168.0.29,0,1454743743.1,4,1454743743.2,0.0984129905701
1454743744.17,192.168.0.29,0,1454743744.02,4,1454743744.1,0.0736780166626
1454743746.17,192.168.0.29,0,1454743746.03,4,1454743746.08,0.0448019504547
1454743747.17,192.168.0.29,0,1454743747.03,4,1454743747.08,0.052206993103
1454743748.19,192.168.0.29,0,1454743748.09,4,1454743748.12,0.033704996109
1454743749.29,192.168.0.29,0,1454743749.14,4,1454743749.19,0.0551328659058
1454743750.19,192.168.0.29,0,1454743750.05,4,1454743750.1,0.0556709766388
1454743751.21,192.168.0.29,0,1454743751.11,4,1454743751.18,0.072163105011
1454743752.2,192.168.0.29,0,1454743752.06,4,1454743752.15,0.0947279930115
1454743755.22,192.168.0.29,0,1454743755.15,4,1454743755.15,0.000679016113281
1454743752.22,192.168.0.29,0,1454743752.1,4,1454743752.16,0.0583961009979
1454743757.22,192.168.0.29,0,1454743757.07,4,1454743757.12,0.0528199672699
1454743758.23,192.168.0.29,0,1454743758.08,4,1454743758.14,0.0631740093231
1454743760.24,192.168.0.29,0,1454743760.16,4,1454743760.16,0.00265312194824
1454743761.25,192.168.0.29,0,1454743761.2,4,1454743761.2,0.00256204605103
1454743763.26,192.168.0.29,0,1454743763.1,4,1454743763.18,0.0847690105438
1454743764.26,192.168.0.29,0,1454743764.16,4,1454743764.17,0.0159678459167
1454743765.28,192.168.0.29,0,1454743765.28,4,1454743765.28,0.00142002105713
1454743860.88,192.168.0.29,0,1454743860.72,4,1454743860.78,0.0621898174286
1454743768.44,192.168.0.29,0,1454743768.36,4,1454743768.36,0.000932931900024
1454743770.41,192.168.0.29,0,1454743770.31,4,1454743770.33,0.0188930034637
1454743772.32,192.168.0.29,0,1454743772.18,4,1454743772.41,0.228922843933
1454743773.32,192.168.0.29,0,1454743773.16,4,1454743773.24,0.0774080753326
1454743774.33,192.168.0.29,0,1454743774.17,4,1454743774.23,0.0652809143066
1454743845.88,192.168.0.29,0,1454743845.74,4,1454743845.84,0.0991921424866
1454743776.36,192.168.0.29,0,1454743776.21,4,1454743776.32,0.113036870956
1454743777.35,192.168.0.29,0,1454743777.19,4,1454743777.24,0.0554909706116
1454743778.95,192.168.0.29,0,1454743778.8,4,1454743778.87,0.0670368671417
1454743779.37,192.168.0.29,0,1454743779.2,4,1454743779.29,0.085489988327
1454743781.38,192.168.0.29,0,1454743781.26,4,1454743781.28,0.0248329639435
1454743782.48,192.168.0.29,0,1454743782.38,4,1454743782.42,0.037013053894
1454743783.49,192.168.0.29,0,1454743783.33,4,1454743783.4,0.0722939968109
1454743784.4,192.168.0.29,0,1454743784.26,4,1454743784.32,0.0642340183258
1454743785.4,192.168.0.29,0,1454743785.35,4,1454743785.35,0.00144100189209
1454743847.82,192.168.0.29,0,1454743847.65,4,1454743847.73,0.0824639797211
1454743788.42,192.168.0.29,0,1454743788.27,4,1454743788.34,0.0735321044922
1454743790.43,192.168.0.29,0,1454743790.3,4,1454743790.34,0.0412650108337
1454743792.44,192.168.0.29,0,1454743792.32,4,1454743792.37,0.0508489608765
1454743794.56,192.168.0.29,0,1454743794.4,4,1454743794.47,0.0702939033508
1454743795.46,192.168.0.29,0,1454743795.3,4,1454743795.48,0.178964853287
1454743797.49,192.168.0.29,0,1454743797.34,4,1454743797.4,0.0621509552002
1454743798.58,192.168.0.29,0,1454743798.42,4,1454743798.5,0.0759179592133
1454743849.84,192.168.0.29,0,1454743849.76,4,1454743849.76,0.0010290145874
1454743800.51,192.168.0.29,0,1454743800.35,4,1454743800.44,0.0886311531067
1454743801.31,192.168.0.29,0,1454743801.23,4,1454743801.23,0.000647068023682
1454743802.5,192.168.0.29,0,1454743802.35,4,1454743802.41,0.0584380626678
1454743803.61,192.168.0.29,0,1454743803.45,4,1454743803.5,0.0514578819275
1454743804.51,192.168.0.29,0,1454743804.35,4,1454743804.47,0.126059055328
1454743805.34,192.168.0.29,0,1454743805.21,4,1454743805.29,0.0764019489288
1454743806.52,192.168.0.29,0,1454743806.37,4,1454743806.45,0.081472158432
1454743807.63,192.168.0.29,0,1454743807.6,4,1454743807.6,0.00255799293518
1454743808.36,192.168.0.29,0,1454743808.31,4,1454743808.31,0.0010039806366
1454743811.38,192.168.0.29,0,1454743811.23,4,1454743811.32,0.0901048183441
1454743812.26,192.168.0.29,0,1454743812.12,4,1454743812.17,0.050822019577
1454743836.71,192.168.0.29,0,1454743836.56,4,1454743836.64,0.0762250423431
1454743817.7,192.168.0.29,0,1454743817.54,4,1454743817.62,0.0796420574188
1454743818.6,192.168.0.29,0,1454743818.46,4,1454743818.54,0.0824720859528
1454743819.61,192.168.0.29,0,1454743819.55,4,1454743819.55,0.00143814086914
1454743820.61,192.168.0.29,0,1454743820.48,4,1454743820.57,0.0954518318176
1454743821.63,192.168.0.29,0,1454743821.53,4,1454743821.56,0.0222790241241
1454743823.38,192.168.0.29,0,1454743823.21,4,1454743823.28,0.0653741359711
1454743824.45,192.168.0.29,0,1454743824.37,4,1454743824.46,0.089418888092
1454743826.65,192.168.0.29,0,1454743826.52,4,1454743826.56,0.044093132019
1454743827.66,192.168.0.29,0,1454743827.56,4,1454743827.61,0.0567197799683
1454743828.48,192.168.0.29,0,1454743828.31,4,1454743828.37,0.0549280643463
1454743829.39,192.168.0.29,0,1454743829.24,4,1454743829.31,0.068736076355
1454743830.67,192.168.0.29,0,1454743830.55,4,1454743830.6,0.0542759895325
1454743831.68,192.168.0.29,0,1454743831.52,4,1454743831.58,0.0586409568787
1454743811.39,192.168.0.29,0,1454743811.25,4,1454743811.33,0.0855100154877
1454743833.19,192.168.0.29,0,1454743833.04,4,1454743833.1,0.0614840984344
1454743834.51,192.168.0.29,0,1454743834.35,4,1454743834.47,0.11793088913
1454743835.52,192.168.0.29,0,1454743835.43,4,1454743835.43,0.00467991828918
1454743836.52,192.168.0.29,0,1454743836.45,4,1454743836.45,0.00139713287354
1454743837.53,192.168.0.29,0,1454743837.38,4,1454743837.45,0.0684599876404
1454743838.54,192.168.0.29,0,1454743838.38,4,1454743838.47,0.0908310413361
1454743839.85,192.168.0.29,0,1454743839.69,4,1454743839.73,0.0455710887909
1454743840.66,192.168.0.29,0,1454743840.51,4,1454743840.56,0.0528099536896
1454743841.75,192.168.0.29,0,1454743841.67,4,1454743841.67,0.00188612937927
1454743842.56,192.168.0.29,0,1454743842.39,4,1454743842.46,0.0667569637299
1454743843.61,192.168.0.29,0,1454743843.51,4,1454743843.55,0.0354120731354
1454743845.79,192.168.0.29,0,1454743845.64,4,1454743845.7,0.0568649768829
1454743846.05,192.168.0.29,0,1454743845.9,4,1454743845.99,0.0867099761963
1454743847.38,192.168.0.29,0,1454743847.23,4,1454743847.31,0.0722839832306
1454743848.82,192.168.0.29,0,1454743848.66,4,1454743848.71,0.055408000946
1454743849.82,192.168.0.29,0,1454743849.76,4,1454743849.76,0.00128984451294
1454743853.35,192.168.0.29,0,1454743853.18,4,1454743853.3,0.116683959961
1454743855.64,192.168.0.29,0,1454743855.64,4,1454743855.68,0.032753944397
1454743860.67,192.168.0.29,0,1454743860.51,4,1454743860.64,0.123789787292
1454743774.16,192.168.0.29,0,1454743774.02,4,1454743774.09,0.0713078975677
1454743828.77,192.168.0.29,0,1454743828.62,4,1454743828.7,0.081799030304
1454743863.9,192.168.0.29,0,1454743863.74,4,1454743863.8,0.0600409507751
1454743864.25,192.168.0.29,0,1454743864.11,4,1454743864.2,0.0902070999146
1454743860.69,192.168.0.29,0,1454743860.55,4,1454743860.66,0.106163024902
1454743834.7,192.168.0.29,0,1454743834.55,4,1454743834.63,0.0820000171661
1454743867.01,192.168.0.29,0,1454743866.85,4,1454743866.91,0.0586400032043
1454743870.94,192.168.0.29,0,1454743870.86,4,1454743871.1,0.238284111023
1454743861.89,192.168.0.29,0,1454743861.75,4,1454743861.85,0.0998921394348
1454743776.35,192.168.0.29,0,1454743776.18,4,1454743776.31,0.130636930466
1454743874.96,192.168.0.29,0,1454743874.82,4,1454743874.9,0.08145403862
1454743877.08,192.168.0.29,0,1454743876.92,4,1454743876.97,0.0550670623779
1454743878.99,192.168.0.29,0,1454743878.89,4,1454743878.96,0.0664620399475
1454743880.72,192.168.0.29,0,1454743880.58,4,1454743880.63,0.0505859851837
1454743881.0,192.168.0.29,0,1454743880.89,4,1454743880.9,0.0118291378021
1454743882.0,192.168.0.29,0,1454743881.91,4,1454743881.91,0.00277280807495
1454743864.0,192.168.0.29,0,1454743863.85,4,1454743863.94,0.0856688022614
1454743884.02,192.168.0.29,0,1454743884.09,4,1454743884.22,0.129786968231
1454743778.36,192.168.0.29,0,1454743778.2,4,1454743778.25,0.0484161376953
1454743886.03,192.168.0.29,0,1454743885.88,4,1454743885.98,0.0949878692627
1454743798.49,192.168.0.29,0,1454743798.34,4,1454743798.43,0.0988459587097
1454743890.05,192.168.0.29,0,1454743889.93,4,1454743890.0,0.0720880031586
1454743891.06,192.168.0.29,0,1454743890.9,4,1454743890.98,0.0818960666656
1454743861.91,192.168.0.29,0,1454743861.78,4,1454743861.91,0.13821721077
1454743894.18,192.168.0.29,0,1454743894.1,4,1454743894.11,0.000944137573242
1454743865.38,192.168.0.29,0,1454743865.22,4,1454743865.31,0.087327003479
1454743834.98,192.168.0.29,0,1454743834.82,4,1454743834.89,0.074923992157
1454743743.48,192.168.0.29,0,1454743743.35,4,1454743743.42,0.0713820457458
1454743867.92,192.168.0.29,0,1454743867.77,4,1454743867.84,0.0729570388794
1454743783.2,192.168.0.29,0,1454743783.03,4,1454743783.11,0.0739350318909
1454743784.08,192.168.0.29,0,1454743783.93,4,1454743784.01,0.0751647949219
1454743785.42,192.168.0.29,0,1454743785.35,4,1454743785.35,0.000916004180908
1454743820.73,192.168.0.29,0,1454743820.57,4,1454743820.63,0.0645358562469
1454743871.05,192.168.0.29,0,1454743870.91,4,1454743871.34,0.42618894577
1454743841.77,192.168.0.29,0,1454743841.67,4,1454743841.67,0.00176906585693
1454743842.77,192.168.0.29,0,1454743842.6,4,1454743842.67,0.0627219676971
1454743873.06,192.168.0.29,0,1454743872.89,4,1454743873.01,0.112818002701
1454743788.23,192.168.0.29,0,1454743788.07,4,1454743788.17,0.104155063629
1454743889.06,192.168.0.29,0,1454743888.9,4,1454743888.98,0.080815076828
1454743765.29,192.168.0.29,0,1454743765.28,4,1454743765.29,0.0010199546814
1454743763.27,192.168.0.29,0,1454743763.12,4,1454743763.18,0.0617909431458
1454743800.31,192.168.0.29,0,1454743800.15,4,1454743800.21,0.0611529350281
1454743744.15,192.168.0.29,0,1454743743.99,4,1454743744.06,0.0669839382172
1454743843.79,192.168.0.29,0,1454743843.66,4,1454743843.74,0.0806970596313
1454743795.48,192.168.0.29,0,1454743795.43,4,1454743795.5,0.0727231502533
1454743865.91,192.168.0.29,0,1454743865.77,4,1454743865.83,0.0642189979553
1454743882.02,192.168.0.29,0,1454743881.91,4,1454743881.91,0.00101709365845
1454743797.47,192.168.0.29,0,1454743797.33,4,1454743797.39,0.0592639446259
1454743883.85,192.168.0.29,0,1454743883.76,4,1454743884.16,0.399591207504
1454743798.48,192.168.0.29,0,1454743798.31,4,1454743798.41,0.095978975296
1454743834.72,192.168.0.29,0,1454743834.58,4,1454743834.64,0.0624198913574
1454743885.02,192.168.0.29,0,1454743884.85,4,1454743884.93,0.0780801773071
1454743800.49,192.168.0.29,0,1454743800.33,4,1454743800.44,0.110286951065
1454743743.96,192.168.0.29,0,1454743743.81,4,1454743743.88,0.0665948390961
1454743801.51,192.168.0.29,0,1454743801.36,4,1454743801.46,0.102342128754
1454743802.33,192.168.0.29,0,1454743802.18,4,1454743802.25,0.0751299858093
1454743889.05,192.168.0.29,0,1454743888.89,4,1454743888.98,0.0882391929626
1454743804.24,192.168.0.29,0,1454743804.09,4,1454743804.14,0.0512759685516
1454743882.81,192.168.0.29,0,1454743882.66,4,1454743882.74,0.0787160396576
1454743774.14,192.168.0.29,0,1454743773.98,4,1454743774.09,0.103264808655
1454743829.69,192.168.0.29,0,1454743829.53,4,1454743829.63,0.0995378494263
1454743806.34,192.168.0.29,0,1454743806.18,4,1454743806.25,0.0700409412384
1454743885.04,192.168.0.29,0,1454743884.89,4,1454743884.94,0.045716047287
1454743784.2,192.168.0.29,0,1454743784.05,4,1454743784.1,0.0526292324066
1454743894.65,192.168.0.25,0,1454743894.47,4,1454743894.53,0.0587511062622
1454743858.57,192.168.0.25,0,1454743858.4,4,1454743858.47,0.0700709819794
1454743743.73,192.168.0.25,0,1454743743.56,4,1454743743.63,0.0723550319672
1454743813.14,192.168.0.25,0,1454743812.98,4,1454743813.08,0.104890108109
1454743815.36,192.168.0.25,0,1454743815.2,4,1454743815.44,0.246049880981
1454743849.51,192.168.0.25,0,1454743849.34,4,1454743849.4,0.0634729862213
1454743817.17,192.168.0.25,0,1454743817.0,4,1454743817.16,0.155429124832
1454743890.63,192.168.0.25,0,1454743890.53,4,1454743890.61,0.081670999527
1454743827.24,192.168.0.25,0,1454743827.09,4,1454743827.22,0.131363153458
1454743828.38,192.168.0.25,0,1454743828.26,4,1454743828.31,0.0465309619904
1454743743.71,192.168.0.25,0,1454743743.54,4,1454743743.62,0.0730710029602
1454743829.25,192.168.0.25,0,1454743829.07,4,1454743829.12,0.0549569129944
1454743744.72,192.168.0.25,0,1454743744.55,4,1454743744.61,0.0559940338135
1454743830.39,192.168.0.25,0,1454743830.23,4,1454743830.3,0.069747209549
1454743745.73,192.168.0.25,0,1454743745.57,4,1454743745.68,0.107574939728
1454743857.42,192.168.0.25,0,1454743857.26,4,1454743857.34,0.0806648731232
1454743752.95,192.168.0.25,0,1454743752.89,4,1454743752.89,0.00186991691589
1454743753.77,192.168.0.25,0,1454743753.6,4,1454743753.7,0.10347700119
1454743839.32,192.168.0.25,0,1454743839.14,4,1454743839.24,0.0976228713989
1454743742.94,192.168.0.25,0,1454743742.89,4,1454743742.89,0.00396585464478
1454743743.38,192.168.0.25,0,1454743743.21,4,1454743743.37,0.156167984009
1454743744.91,192.168.0.25,0,1454743744.79,4,1454743744.89,0.0949230194092
1454743745.74,192.168.0.25,0,1454743745.57,4,1454743745.7,0.131365060806
1454743747.74,192.168.0.25,0,1454743747.57,4,1454743747.62,0.0525069236755
1454743748.74,192.168.0.25,0,1454743748.57,4,1454743748.63,0.0518231391907
1454743749.75,192.168.0.25,0,1454743749.58,4,1454743749.7,0.124806880951
1454743750.76,192.168.0.25,0,1454743750.59,4,1454743750.66,0.0748860836029
1454743751.76,192.168.0.25,0,1454743751.59,4,1454743751.68,0.0877859592438
1454743752.97,192.168.0.25,0,1454743752.89,4,1454743752.92,0.0259580612183
1454743753.79,192.168.0.25,0,1454743753.65,4,1454743753.72,0.0733599662781
1454743754.78,192.168.0.25,0,1454743754.61,4,1454743754.66,0.0521569252014
1454743756.79,192.168.0.25,0,1454743756.82,4,1454743756.92,0.0940971374512
1454743757.98,192.168.0.25,0,1454743757.81,4,1454743757.88,0.0725600719452
1454743759.83,192.168.0.25,0,1454743759.65,4,1454743759.73,0.0764980316162
1454743760.81,192.168.0.25,0,1454743760.65,4,1454743760.71,0.0674188137054
1454743762.83,192.168.0.25,0,1454743762.65,4,1454743762.72,0.0615220069885
1454743763.83,192.168.0.25,0,1454743763.68,4,1454743763.73,0.0514929294586
1454743764.85,192.168.0.25,0,1454743764.68,4,1454743764.75,0.0688509941101
1454743765.85,192.168.0.25,0,1454743765.68,4,1454743765.74,0.0592420101166
1454743768.86,192.168.0.25,0,1454743768.7,4,1454743768.76,0.05917096138
1454743769.87,192.168.0.25,0,1454743769.7,4,1454743769.78,0.0798141956329
1454743770.87,192.168.0.25,0,1454743770.7,4,1454743770.82,0.117573976517
1454743771.89,192.168.0.25,0,1454743771.71,4,1454743771.77,0.0592160224915
1454743773.9,192.168.0.25,0,1454743773.72,4,1454743773.8,0.0787930488586
1454743775.91,192.168.0.25,0,1454743775.74,4,1454743775.79,0.0541880130768
1454743776.92,192.168.0.25,0,1454743776.75,4,1454743776.83,0.0889368057251
1454743777.92,192.168.0.25,0,1454743777.79,4,1454743777.83,0.0331978797913
1454743781.94,192.168.0.25,0,1454743781.77,4,1454743781.83,0.0569200515747
1454743783.95,192.168.0.25,0,1454743783.85,4,1454743783.88,0.0261130332947
1454743785.73,192.168.0.25,0,1454743785.56,4,1454743785.64,0.0861389636993
1454743786.97,192.168.0.25,0,1454743786.8,4,1454743786.87,0.076630115509
1454743788.11,192.168.0.25,0,1454743787.98,4,1454743788.05,0.065113067627
1454743789.99,192.168.0.25,0,1454743789.82,4,1454743789.9,0.0786480903625
1454743790.01,192.168.0.25,0,1454743789.84,4,1454743789.9,0.0640058517456
1454743793.0,192.168.0.25,0,1454743792.84,4,1454743792.91,0.0677511692047
1454743794.01,192.168.0.25,0,1454743793.86,4,1454743793.91,0.0486578941345
1454743795.02,192.168.0.25,0,1454743794.85,4,1454743794.91,0.064441204071
1454743797.91,192.168.0.25,0,1454743797.75,4,1454743797.82,0.0698111057281
1454743798.84,192.168.0.25,0,1454743798.67,4,1454743798.75,0.0791668891907
1454743849.38,192.168.0.25,0,1454743849.25,4,1454743849.27,0.0237681865692
1454743800.06,192.168.0.25,0,1454743799.88,4,1454743799.94,0.0538609027863
1454743802.95,192.168.0.25,0,1454743802.78,4,1454743802.86,0.0867710113525
1454743803.08,192.168.0.25,0,1454743802.9,4,1454743802.97,0.0673270225525
1454743805.09,192.168.0.25,0,1454743804.92,4,1454743804.98,0.0607888698578
1454743806.1,192.168.0.25,0,1454743805.92,4,1454743805.98,0.0599970817566
1454743807.11,192.168.0.25,0,1454743806.93,4,1454743806.99,0.0572600364685
1454743808.11,192.168.0.25,0,1454743807.93,4,1454743807.99,0.0587949752808
1454743809.12,192.168.0.25,0,1454743808.94,4,1454743809.03,0.0873169898987
1454743810.13,192.168.0.25,0,1454743809.95,4,1454743810.03,0.081554889679
1454743811.13,192.168.0.25,0,1454743810.95,4,1454743811.04,0.0837631225586
1454743813.14,192.168.0.25,0,1454743812.97,4,1454743813.07,0.101722002029
1454743814.31,192.168.0.25,0,1454743814.14,4,1454743814.19,0.0507991313934
1454743815.31,192.168.0.25,0,1454743815.16,4,1454743815.34,0.177210092545
1454743817.17,192.168.0.25,0,1454743817.01,4,1454743817.16,0.156018018723
1454743818.17,192.168.0.25,0,1454743818.02,4,1454743818.07,0.0516951084137
1454743819.18,192.168.0.25,0,1454743819.03,4,1454743819.09,0.0665380954742
1454743820.19,192.168.0.25,0,1454743820.02,4,1454743820.08,0.0647249221802
1454743821.2,192.168.0.25,0,1454743821.04,4,1454743821.14,0.0926120281219
1454743822.2,192.168.0.25,0,1454743822.03,4,1454743822.1,0.0672800540924
1454743823.21,192.168.0.25,0,1454743823.04,4,1454743823.1,0.0610449314117
1454743825.22,192.168.0.25,0,1454743825.05,4,1454743825.11,0.0586380958557
1454743826.23,192.168.0.25,0,1454743826.05,4,1454743826.13,0.0760960578918
1454743827.24,192.168.0.25,0,1454743827.09,4,1454743827.19,0.100215911865
1454743828.4,192.168.0.25,0,1454743828.26,4,1454743828.32,0.0586628913879
1454743829.27,192.168.0.25,0,1454743829.1,4,1454743829.17,0.0703899860382
1454743830.25,192.168.0.25,0,1454743830.08,4,1454743830.14,0.0583920478821
1454743831.26,192.168.0.25,0,1454743831.08,4,1454743831.18,0.0980370044708
1454743832.26,192.168.0.25,0,1454743832.09,4,1454743832.16,0.0771818161011
1454743833.56,192.168.0.25,0,1454743833.4,4,1454743833.44,0.0432300567627
1454743834.27,192.168.0.25,0,1454743834.1,4,1454743834.17,0.070830821991
1454743759.81,192.168.0.25,0,1454743759.64,4,1454743759.72,0.0847120285034
1454743839.3,192.168.0.25,0,1454743839.13,4,1454743839.24,0.110846996307
1454743840.31,192.168.0.25,0,1454743840.14,4,1454743840.19,0.0577120780945
1454743841.32,192.168.0.25,0,1454743841.14,4,1454743841.21,0.0653078556061
1454743843.31,192.168.0.25,0,1454743843.13,4,1454743843.19,0.0567469596863
1454743845.35,192.168.0.25,0,1454743845.17,4,1454743845.23,0.0588338375092
1454743847.35,192.168.0.25,0,1454743847.18,4,1454743847.24,0.0633599758148
1454743848.51,192.168.0.25,0,1454743848.44,4,1454743848.44,0.000934839248657
1454743849.36,192.168.0.25,0,1454743849.25,4,1454743849.27,0.0239610671997
1454743851.26,192.168.0.25,0,1454743851.09,4,1454743851.15,0.0622940063477
1454743852.53,192.168.0.25,0,1454743852.36,4,1454743852.48,0.122651815414
1454743853.4,192.168.0.25,0,1454743853.22,4,1454743853.28,0.0669760704041
1454743854.4,192.168.0.25,0,1454743854.27,4,1454743854.33,0.0609021186829
1454743856.41,192.168.0.25,0,1454743856.25,4,1454743856.37,0.117719173431
1454743857.42,192.168.0.25,0,1454743857.25,4,1454743857.3,0.0577819347382
1454743858.43,192.168.0.25,0,1454743858.26,4,1454743858.32,0.0628459453583
1454743859.44,192.168.0.25,0,1454743859.26,4,1454743859.32,0.0576221942902
1454743860.45,192.168.0.25,0,1454743860.28,4,1454743860.35,0.0701072216034
1454743862.46,192.168.0.25,0,1454743862.28,4,1454743862.35,0.0645418167114
1454743864.47,192.168.0.25,0,1454743864.3,4,1454743864.35,0.046886920929
1454743865.48,192.168.0.25,0,1454743865.31,4,1454743865.38,0.069051027298
1454743866.49,192.168.0.25,0,1454743866.31,4,1454743866.41,0.100464105606
1454743867.49,192.168.0.25,0,1454743867.32,4,1454743867.39,0.0689978599548
1454743868.5,192.168.0.25,0,1454743868.32,4,1454743868.38,0.0585789680481
1454743865.64,192.168.0.25,0,1454743865.52,4,1454743865.7,0.182922124863
1454743870.51,192.168.0.25,0,1454743870.34,4,1454743870.42,0.0778381824493
1454743871.64,192.168.0.25,0,1454743871.48,4,1454743871.56,0.076630115509
1454743872.52,192.168.0.25,0,1454743872.35,4,1454743872.42,0.0706470012665
1454743776.19,192.168.0.25,0,1454743776.02,4,1454743776.08,0.0577030181885
1454743874.53,192.168.0.25,0,1454743874.36,4,1454743874.42,0.0596849918365
1454743875.54,192.168.0.25,0,1454743875.36,4,1454743875.42,0.0598170757294
1454743829.25,192.168.0.25,0,1454743829.08,4,1454743829.16,0.0747408866882
1454743862.95,192.168.0.25,0,1454743862.77,4,1454743862.82,0.0546638965607
1454743879.05,192.168.0.25,0,1454743878.88,4,1454743878.95,0.0687799453735
1454743881.57,192.168.0.25,0,1454743881.4,4,1454743881.47,0.0699570178986
1454743882.72,192.168.0.25,0,1454743882.63,4,1454743882.64,0.00340104103088
1454743883.58,192.168.0.25,0,1454743883.45,4,1454743883.48,0.0330350399017
1454743884.74,192.168.0.25,0,1454743884.57,4,1454743884.62,0.0542590618134
1454743885.6,192.168.0.25,0,1454743885.42,4,1454743885.48,0.05876994133
1454743856.41,192.168.0.25,0,1454743856.28,4,1454743856.39,0.109105825424
1454743888.61,192.168.0.25,0,1454743888.44,4,1454743888.52,0.075786113739
1454743890.62,192.168.0.25,0,1454743890.53,4,1454743890.55,0.0192558765411
1454743891.63,192.168.0.25,0,1454743891.45,4,1454743891.53,0.0807650089264
1454743877.72,192.168.0.25,0,1454743877.63,4,1454743877.63,0.00105094909668
1454743865.61,192.168.0.25,0,1454743865.46,4,1454743865.7,0.2365899086
1454743869.53,192.168.0.25,0,1454743869.36,4,1454743869.45,0.0899128913879
1454743781.96,192.168.0.25,0,1454743781.79,4,1454743781.84,0.0567560195923
1454743830.4,192.168.0.25,0,1454743830.24,4,1454743830.31,0.0663499832153
1454743868.52,192.168.0.25,0,1454743868.34,4,1454743868.46,0.120959997177
1454743783.97,192.168.0.25,0,1454743783.86,4,1454743783.89,0.028636932373
1454743869.41,192.168.0.25,0,1454743869.23,4,1454743869.29,0.0595850944519
1454743757.8,192.168.0.25,0,1454743757.63,4,1454743757.68,0.0581538677216
1454743786.99,192.168.0.25,0,1454743786.82,4,1454743786.88,0.0606150627136
1454743869.5,192.168.0.25,0,1454743869.33,4,1454743869.43,0.096127986908
1454743873.53,192.168.0.25,0,1454743873.43,4,1454743873.43,0.00138401985168
1454743875.82,192.168.0.25,0,1454743875.66,4,1454743875.74,0.0707738399506
1454743876.54,192.168.0.25,0,1454743876.49,4,1454743876.49,0.000755071640015
1454743877.69,192.168.0.25,0,1454743877.63,4,1454743877.63,0.0013279914856
1454743879.56,192.168.0.25,0,1454743879.38,4,1454743879.45,0.0628001689911
1454743883.73,192.168.0.25,0,1454743883.68,4,1454743883.89,0.212430953979
1454743762.06,192.168.0.25,0,1454743761.88,4,1454743761.97,0.0832679271698
1454743845.36,192.168.0.25,0,1454743845.19,4,1454743845.31,0.1177110672
1454743887.61,192.168.0.25,0,1454743887.43,4,1454743887.48,0.0551769733429
1454743802.07,192.168.0.25,0,1454743801.9,4,1454743802.01,0.115339994431
1454743888.76,192.168.0.25,0,1454743888.6,4,1454743888.74,0.134988069534
1454743829.39,192.168.0.25,0,1454743829.22,4,1454743829.28,0.0609200000763
1454743840.33,192.168.0.25,0,1454743840.16,4,1454743840.26,0.0959389209747
1454743841.34,192.168.0.25,0,1454743841.17,4,1454743841.27,0.102816104889
1454743852.55,192.168.0.25,0,1454743852.38,4,1454743852.49,0.11018204689
1454743876.14,192.168.0.27,0,1454743876.09,4,1454743876.09,0.00702500343323
1454743894.26,192.168.0.27,0,1454743894.11,4,1454743894.17,0.0656459331512
1454743811.74,192.168.0.27,0,1454743811.59,4,1454743811.68,0.0861282348633
1454743812.8,192.168.0.27,0,1454743812.64,4,1454743812.72,0.0815432071686
1454743813.85,192.168.0.27,0,1454743813.81,4,1454743813.89,0.0837509632111
1454743849.98,192.168.0.27,0,1454743849.89,4,1454743849.96,0.0679671764374
1454743869.92,192.168.0.27,0,1454743869.77,4,1454743869.85,0.0777339935303
1454743820.9,192.168.0.27,0,1454743820.75,4,1454743820.88,0.130296945572
1454743888.32,192.168.0.27,0,1454743888.15,4,1454743888.22,0.0683269500732
1454743767.42,192.168.0.27,0,1454743767.34,4,1454743767.34,0.0016610622406
1454743840.93,192.168.0.27,0,1454743840.78,4,1454743840.86,0.0751171112061
1454743878.2,192.168.0.27,0,1454743878.06,4,1454743878.11,0.0533590316772
1454743743.44,192.168.0.27,0,1454743743.28,4,1454743743.4,0.114746809006
1454743744.28,192.168.0.27,0,1454743744.13,4,1454743744.33,0.204535961151
1454743831.87,192.168.0.27,0,1454743831.71,4,1454743831.77,0.0602271556854
1454743832.27,192.168.0.27,0,1454743832.12,4,1454743832.19,0.073762178421
1454743887.34,192.168.0.27,0,1454743887.17,4,1454743887.27,0.098443031311
1454743748.31,192.168.0.27,0,1454743748.15,4,1454743748.26,0.113659858704
1454743841.93,192.168.0.27,0,1454743841.76,4,1454743841.84,0.0743820667267
1454743752.32,192.168.0.27,0,1454743752.17,4,1454743752.26,0.0929050445557
1454743742.27,192.168.0.27,0,1454743742.15,4,1454743742.21,0.0687420368195
1454743743.28,192.168.0.27,0,1454743743.13,4,1454743743.19,0.0595281124115
1454743744.29,192.168.0.27,0,1454743744.14,4,1454743744.34,0.193729162216
1454743745.29,192.168.0.27,0,1454743745.13,4,1454743745.19,0.0591161251068
1454743747.3,192.168.0.27,0,1454743747.14,4,1454743747.21,0.0721900463104
1454743748.31,192.168.0.27,0,1454743748.17,4,1454743748.28,0.104480028152
1454743751.35,192.168.0.27,0,1454743751.18,4,1454743751.26,0.0755939483643
1454743752.33,192.168.0.27,0,1454743752.18,4,1454743752.26,0.0766770839691
1454743756.58,192.168.0.27,0,1454743756.55,4,1454743756.69,0.135833024979
1454743757.36,192.168.0.27,0,1454743757.2,4,1454743757.27,0.0639629364014
1454743760.38,192.168.0.27,0,1454743760.22,4,1454743760.27,0.0552780628204
1454743763.4,192.168.0.27,0,1454743763.29,4,1454743763.35,0.0624890327454
1454743764.52,192.168.0.27,0,1454743764.38,4,1454743764.44,0.0609359741211
1454743765.52,192.168.0.27,0,1454743765.39,4,1454743765.48,0.0881359577179
1454743767.43,192.168.0.27,0,1454743767.34,4,1454743767.35,0.0103151798248
1454743769.44,192.168.0.27,0,1454743769.39,4,1454743769.39,0.00103116035461
1454743770.44,192.168.0.27,0,1454743770.31,4,1454743770.34,0.0331909656525
1454743772.69,192.168.0.27,0,1454743772.53,4,1454743772.62,0.0877540111542
1454743773.45,192.168.0.27,0,1454743773.3,4,1454743773.36,0.0651409626007
1454743774.54,192.168.0.27,0,1454743774.38,4,1454743774.51,0.12934589386
1454743775.71,192.168.0.27,0,1454743775.56,4,1454743775.63,0.0668580532074
1454743776.47,192.168.0.27,0,1454743776.32,4,1454743776.42,0.0918340682983
1454743777.49,192.168.0.27,0,1454743777.35,4,1454743777.42,0.0709760189056
1454743879.25,192.168.0.27,0,1454743879.1,4,1454743879.15,0.0503690242767
1454743779.49,192.168.0.27,0,1454743779.33,4,1454743779.38,0.0512890815735
1454743780.49,192.168.0.27,0,1454743780.34,4,1454743780.43,0.0905430316925
1454743812.85,192.168.0.27,0,1454743812.68,4,1454743812.75,0.0711817741394
1454743783.52,192.168.0.27,0,1454743783.36,4,1454743783.43,0.0748488903046
1454743784.52,192.168.0.27,0,1454743784.37,4,1454743784.44,0.0739891529083
1454743785.53,192.168.0.27,0,1454743785.38,4,1454743785.45,0.0650641918182
1454743786.55,192.168.0.27,0,1454743786.38,4,1454743786.46,0.0741751194
1454743787.55,192.168.0.27,0,1454743787.38,4,1454743787.54,0.150848150253
1454743788.56,192.168.0.27,0,1454743788.4,4,1454743788.48,0.086480140686
1454743849.98,192.168.0.27,0,1454743849.81,4,1454743849.93,0.118940830231
1454743790.57,192.168.0.27,0,1454743790.41,4,1454743790.47,0.0532310009003
1454743791.44,192.168.0.27,0,1454743791.39,4,1454743791.39,0.000680923461914
1454743792.59,192.168.0.27,0,1454743792.43,4,1454743792.48,0.0571920871735
1454743793.6,192.168.0.27,0,1454743793.45,4,1454743793.55,0.0998830795288
1454743795.6,192.168.0.27,0,1454743795.46,4,1454743795.53,0.0775299072266
1454743798.64,192.168.0.27,0,1454743798.48,4,1454743798.57,0.0941078662872
1454743799.66,192.168.0.27,0,1454743799.52,4,1454743799.63,0.106710910797
1454743802.67,192.168.0.27,0,1454743802.51,4,1454743802.59,0.0859279632568
1454743803.68,192.168.0.27,0,1454743803.52,4,1454743803.59,0.0753910541534
1454743804.73,192.168.0.27,0,1454743804.61,4,1454743804.66,0.049959897995
1454743805.7,192.168.0.27,0,1454743805.55,4,1454743805.63,0.0790910720825
1454743807.71,192.168.0.27,0,1454743807.61,4,1454743807.68,0.073273897171
1454743809.72,192.168.0.27,0,1454743809.56,4,1454743809.64,0.0801849365234
1454743810.73,192.168.0.27,0,1454743810.57,4,1454743810.69,0.111718893051
1454743811.19,192.168.0.27,0,1454743811.07,4,1454743811.16,0.0907468795776
1454743812.75,192.168.0.27,0,1454743812.6,4,1454743812.66,0.0559039115906
1454743813.75,192.168.0.27,0,1454743813.66,4,1454743813.79,0.131319046021
1454743814.76,192.168.0.27,0,1454743814.64,4,1454743814.82,0.185472011566
1454743815.77,192.168.0.27,0,1454743815.61,4,1454743815.75,0.142986059189
1454743816.77,192.168.0.27,0,1454743816.61,4,1454743816.68,0.0741450786591
1454743818.78,192.168.0.27,0,1454743818.63,4,1454743818.7,0.0710649490356
1454743819.89,192.168.0.27,0,1454743819.73,4,1454743819.81,0.0779800415039
1454743820.0,192.168.0.27,0,1454743819.91,4,1454743819.97,0.0618720054626
1454743843.94,192.168.0.27,0,1454743843.8,4,1454743843.87,0.0631511211395
1454743824.14,192.168.0.27,0,1454743823.98,4,1454743824.06,0.0756440162659
1454743828.85,192.168.0.27,0,1454743828.68,4,1454743828.75,0.0639190673828
1454743769.44,192.168.0.27,0,1454743769.38,4,1454743769.39,0.00129914283752
1454743832.87,192.168.0.27,0,1454743832.71,4,1454743832.8,0.0876030921936
1454743834.88,192.168.0.27,0,1454743834.73,4,1454743834.83,0.0968630313873
1454743855.01,192.168.0.27,0,1454743854.86,4,1454743854.97,0.115274906158
1454743836.9,192.168.0.27,0,1454743836.74,4,1454743836.84,0.104110002518
1454743838.11,192.168.0.27,0,1454743837.95,4,1454743838.06,0.102864980698
1454743839.92,192.168.0.27,0,1454743839.77,4,1454743839.85,0.0833790302277
1454743840.02,192.168.0.27,0,1454743839.87,4,1454743839.99,0.114740133286
1454743841.03,192.168.0.27,0,1454743840.86,4,1454743840.93,0.0713088512421
1454743842.93,192.168.0.27,0,1454743842.77,4,1454743842.85,0.0809769630432
1454743843.16,192.168.0.27,0,1454743842.99,4,1454743843.09,0.0992741584778
1454743844.95,192.168.0.27,0,1454743844.78,4,1454743844.84,0.0584359169006
1454743845.95,192.168.0.27,0,1454743845.79,4,1454743845.85,0.0659770965576
1454743848.97,192.168.0.27,0,1454743848.8,4,1454743848.87,0.0620491504669
1454743772.48,192.168.0.27,0,1454743772.33,4,1454743772.42,0.0973880290985
1454743850.98,192.168.0.27,0,1454743850.82,4,1454743850.88,0.0627729892731
1454743851.2,192.168.0.27,0,1454743851.07,4,1454743851.13,0.0687210559845
1454743852.99,192.168.0.27,0,1454743852.94,4,1454743852.94,0.00623512268066
1454743853.99,192.168.0.27,0,1454743853.83,4,1454743853.89,0.0581459999084
1454743855.0,192.168.0.27,0,1454743854.84,4,1454743854.9,0.0629818439484
1454743856.12,192.168.0.27,0,1454743855.95,4,1454743856.06,0.104276895523
1454743858.02,192.168.0.27,0,1454743857.85,4,1454743857.94,0.0874099731445
1454743860.03,192.168.0.27,0,1454743859.87,4,1454743859.92,0.0540738105774
1454743862.04,192.168.0.27,0,1454743861.88,4,1454743861.95,0.0651838779449
1454743863.05,192.168.0.27,0,1454743862.89,4,1454743863.0,0.108304977417
1454743864.06,192.168.0.27,0,1454743863.89,4,1454743863.96,0.0701849460602
1454743865.06,192.168.0.27,0,1454743864.91,4,1454743865.06,0.141715049744
1454743866.07,192.168.0.27,0,1454743865.91,4,1454743865.99,0.0812270641327
1454743775.47,192.168.0.27,0,1454743775.35,4,1454743775.41,0.0652530193329
1454743868.08,192.168.0.27,0,1454743867.91,4,1454743868.01,0.0949068069458
1454743869.09,192.168.0.27,0,1454743869.01,4,1454743869.01,0.000844955444336
1454743871.01,192.168.0.27,0,1454743870.86,4,1454743871.07,0.210854053497
1454743873.11,192.168.0.27,0,1454743873.01,4,1454743873.02,0.012393951416
1454743874.36,192.168.0.27,0,1454743874.23,4,1454743874.27,0.0319559574127
1454743875.16,192.168.0.27,0,1454743875.0,4,1454743875.08,0.0812809467316
1454743772.45,192.168.0.27,0,1454743772.29,4,1454743772.42,0.122953891754
1454743877.14,192.168.0.27,0,1454743877.0,4,1454743877.08,0.0783998966217
1454743878.14,192.168.0.27,0,1454743877.99,4,1454743878.08,0.0881960391998
1454743777.48,192.168.0.27,0,1454743777.32,4,1454743777.42,0.09215092659
1454743880.4,192.168.0.27,0,1454743880.23,4,1454743880.29,0.0587620735168
1454743882.17,192.168.0.27,0,1454743882.02,4,1454743882.1,0.0820291042328
1454743863.45,192.168.0.27,0,1454743863.29,4,1454743863.37,0.0778830051422
1454743884.19,192.168.0.27,0,1454743884.05,4,1454743884.22,0.165534973145
1454743885.19,192.168.0.27,0,1454743885.03,4,1454743885.09,0.0677950382233
1454743886.21,192.168.0.27,0,1454743886.04,4,1454743886.13,0.090959072113
1454743887.21,192.168.0.27,0,1454743887.04,4,1454743887.12,0.0804808139801
1454743888.21,192.168.0.27,0,1454743888.04,4,1454743888.12,0.075667142868
1454743864.06,192.168.0.27,0,1454743863.92,4,1454743863.97,0.0579099655151
1454743765.41,192.168.0.27,0,1454743765.29,4,1454743765.36,0.0699410438538
1454743891.24,192.168.0.27,0,1454743891.07,4,1454743891.15,0.0789139270782
1454743892.25,192.168.0.27,0,1454743892.09,4,1454743892.21,0.119266033173
1454743893.38,192.168.0.27,0,1454743893.21,4,1454743893.27,0.0543398857117
1454743894.26,192.168.0.27,0,1454743894.11,4,1454743894.16,0.0558049678802
1454743865.07,192.168.0.27,0,1454743864.95,4,1454743865.06,0.10901594162
1454743866.1,192.168.0.27,0,1454743865.94,4,1454743866.01,0.0707850456238
1454743856.24,192.168.0.27,0,1454743856.08,4,1454743856.16,0.076427936554
1454743763.4,192.168.0.27,0,1454743763.24,4,1454743763.34,0.096127986908
1454743783.52,192.168.0.27,0,1454743783.38,4,1454743783.48,0.102442026138
1454743864.29,192.168.0.27,0,1454743864.14,4,1454743864.22,0.0827939510345
1454743760.62,192.168.0.27,0,1454743760.47,4,1454743760.53,0.0590400695801
1454743787.55,192.168.0.27,0,1454743787.41,4,1454743787.54,0.132719993591
1454743873.12,192.168.0.27,0,1454743873.01,4,1454743873.04,0.0326328277588
1454743875.18,192.168.0.27,0,1454743875.02,4,1454743875.1,0.0769999027252
1454743869.33,192.168.0.27,0,1454743869.18,4,1454743869.24,0.0629498958588
1454743876.13,192.168.0.27,0,1454743876.09,4,1454743876.09,0.00701117515564
1454743878.16,192.168.0.27,0,1454743878.03,4,1454743878.1,0.0713031291962
1454743793.59,192.168.0.27,0,1454743793.43,4,1454743793.54,0.10187292099
1454743879.21,192.168.0.27,0,1454743879.05,4,1454743879.15,0.105466842651
1454743884.43,192.168.0.27,0,1454743884.26,4,1454743884.39,0.133015155792
1454743799.65,192.168.0.27,0,1454743799.5,4,1454743799.58,0.0756130218506
1454743886.33,192.168.0.27,0,1454743886.16,4,1454743886.24,0.0789079666138
1454743842.94,192.168.0.27,0,1454743842.78,4,1454743842.87,0.0814599990845
1454743888.22,192.168.0.27,0,1454743888.06,4,1454743888.13,0.0729310512543
1454743803.45,192.168.0.27,0,1454743803.37,4,1454743803.39,0.0117101669312
1454743889.22,192.168.0.27,0,1454743889.06,4,1454743889.15,0.0962109565735
1454743804.72,192.168.0.27,0,1454743804.55,4,1454743804.65,0.0987160205841
1454743890.22,192.168.0.27,0,1454743890.06,4,1454743890.13,0.0689291954041
1454743775.46,192.168.0.27,0,1454743775.33,4,1454743775.41,0.0847859382629
1454743805.69,192.168.0.27,0,1454743805.55,4,1454743805.6,0.0508668422699
1454743855.11,192.168.0.27,0,1454743854.95,4,1454743855.02,0.0765399932861
1454743891.47,192.168.0.27,0,1454743891.3,4,1454743891.38,0.0734112262726
1454743892.38,192.168.0.27,0,1454743892.22,4,1454743892.31,0.0840289592743
1454743807.71,192.168.0.27,0,1454743807.6,4,1454743807.68,0.0817899703979
1454743840.92,192.168.0.27,0,1454743840.76,4,1454743840.85,0.0955729484558
1454743838.09,192.168.0.21,0,1454743837.98,4,1454743838.06,0.0729601383209
1454743843.09,192.168.0.21,0,1454743842.93,4,1454743843.05,0.120805978775
1454743811.88,192.168.0.21,0,1454743811.72,4,1454743811.8,0.0854318141937
1454743813.92,192.168.0.21,0,1454743813.76,4,1454743813.94,0.180060148239
1454743852.21,192.168.0.21,0,1454743852.04,4,1454743852.12,0.0819201469421
1454743815.24,192.168.0.21,0,1454743815.07,4,1454743815.19,0.112813949585
1454743837.06,192.168.0.21,0,1454743836.91,4,1454743837.0,0.0922780036926
1454743864.23,192.168.0.21,0,1454743864.07,4,1454743864.19,0.115365982056
1454743818.96,192.168.0.21,0,1454743818.8,4,1454743818.88,0.0785009860992
1454743831.98,192.168.0.21,0,1454743831.82,4,1454743831.89,0.0758690834045
1454743859.22,192.168.0.21,0,1454743859.09,4,1454743859.16,0.0789239406586
1454743820.92,192.168.0.21,0,1454743820.77,4,1454743820.86,0.0940308570862
1454743821.97,192.168.0.21,0,1454743821.84,4,1454743821.89,0.0515460968018
1454743822.93,192.168.0.21,0,1454743822.77,4,1454743822.84,0.0733621120453
1454743852.16,192.168.0.21,0,1454743852.0,4,1454743852.1,0.0953159332275
1454743769.53,192.168.0.21,0,1454743769.39,4,1454743769.49,0.0935859680176
1454743856.16,192.168.0.21,0,1454743856.0,4,1454743856.12,0.124388933182
1454743827.97,192.168.0.21,0,1454743827.81,4,1454743827.91,0.0938718318939
1454743744.38,192.168.0.21,0,1454743744.23,4,1454743744.38,0.154943943024
1454743830.99,192.168.0.21,0,1454743830.83,4,1454743830.94,0.104851007462
1454743831.02,192.168.0.21,0,1454743830.87,4,1454743830.97,0.0965321063995
1454743813.93,192.168.0.21,0,1454743813.77,4,1454743813.95,0.176398038864
1454743748.4,192.168.0.21,0,1454743748.24,4,1454743748.33,0.0810070037842
1454743841.07,192.168.0.21,0,1454743840.94,4,1454743841.03,0.0872211456299
1454743840.13,192.168.0.21,0,1454743839.98,4,1454743840.1,0.125830888748
1454743751.42,192.168.0.21,0,1454743751.25,4,1454743751.32,0.063905954361
1454743866.23,192.168.0.21,0,1454743866.07,4,1454743866.13,0.0586261749268
1454743837.02,192.168.0.21,0,1454743836.85,4,1454743836.92,0.0663628578186
1454743752.43,192.168.0.21,0,1454743752.27,4,1454743752.32,0.0522589683533
1454743838.04,192.168.0.21,0,1454743837.88,4,1454743837.97,0.0869781970978
1454743753.43,192.168.0.21,0,1454743753.27,4,1454743753.38,0.111678123474
1454743839.05,192.168.0.21,0,1454743838.88,4,1454743838.98,0.0985379219055
1454743754.43,192.168.0.21,0,1454743754.33,4,1454743754.34,0.00854992866516
1454743743.37,192.168.0.21,0,1454743743.21,4,1454743743.3,0.0983190536499
1454743744.57,192.168.0.21,0,1454743744.42,4,1454743744.49,0.0734279155731
1454743745.58,192.168.0.21,0,1454743745.47,4,1454743745.57,0.0983500480652
1454743747.39,192.168.0.21,0,1454743747.23,4,1454743747.32,0.0928070545197
1454743748.52,192.168.0.21,0,1454743748.35,4,1454743748.43,0.0839650630951
1454743751.43,192.168.0.21,0,1454743751.28,4,1454743751.35,0.0697569847107
1454743752.45,192.168.0.21,0,1454743752.28,4,1454743752.35,0.0615458488464
1454743753.45,192.168.0.21,0,1454743753.28,4,1454743753.38,0.098326921463
1454743754.55,192.168.0.21,0,1454743754.39,4,1454743754.48,0.0909469127655
1454743858.22,192.168.0.21,0,1454743858.06,4,1454743858.14,0.0724139213562
1454743756.45,192.168.0.21,0,1454743756.29,4,1454743756.38,0.0953900814056
1454743758.46,192.168.0.21,0,1454743758.3,4,1454743758.44,0.142404079437
1454743760.48,192.168.0.21,0,1454743760.32,4,1454743760.4,0.0856220722198
1454743761.59,192.168.0.21,0,1454743761.42,4,1454743761.5,0.0789258480072
1454743762.56,192.168.0.21,0,1454743762.42,4,1454743762.54,0.120707988739
1454743843.06,192.168.0.21,0,1454743842.91,4,1454743843.03,0.117100954056
1454743764.51,192.168.0.21,0,1454743764.34,4,1454743764.53,0.188404083252
1454743765.51,192.168.0.21,0,1454743765.35,4,1454743765.46,0.117744922638
1454743768.53,192.168.0.21,0,1454743768.37,4,1454743768.44,0.0717270374298
1454743769.63,192.168.0.21,0,1454743769.47,4,1454743769.55,0.0864400863647
1454743770.64,192.168.0.21,0,1454743770.5,4,1454743770.61,0.112807035446
1454743771.7,192.168.0.21,0,1454743771.54,4,1454743771.61,0.0745120048523
1454743772.57,192.168.0.21,0,1454743772.4,4,1454743772.51,0.110930919647
1454743776.67,192.168.0.21,0,1454743776.51,4,1454743776.6,0.0859930515289
1454743778.6,192.168.0.21,0,1454743778.44,4,1454743778.52,0.0781450271606
1454743779.62,192.168.0.21,0,1454743779.47,4,1454743779.56,0.0897331237793
1454743780.63,192.168.0.21,0,1454743780.47,4,1454743780.59,0.124475002289
1454743781.64,192.168.0.21,0,1454743781.48,4,1454743781.61,0.128808021545
1454743761.49,192.168.0.21,0,1454743761.34,4,1454743761.41,0.0693979263306
1454743784.64,192.168.0.21,0,1454743784.47,4,1454743784.53,0.0625531673431
1454743785.64,192.168.0.21,0,1454743785.48,4,1454743785.55,0.0683109760284
1454743788.66,192.168.0.21,0,1454743788.5,4,1454743788.56,0.0657908916473
1454743789.67,192.168.0.21,0,1454743789.5,4,1454743789.61,0.103676080704
1454743790.67,192.168.0.21,0,1454743790.51,4,1454743790.59,0.0858569145203
1454743791.75,192.168.0.21,0,1454743791.59,4,1454743791.65,0.0605700016022
1454743792.76,192.168.0.21,0,1454743792.6,4,1454743792.71,0.110675096512
1454743794.71,192.168.0.21,0,1454743794.55,4,1454743794.61,0.0673379898071
1454743795.78,192.168.0.21,0,1454743795.64,4,1454743795.72,0.0808470249176
1454743796.72,192.168.0.21,0,1454743796.56,4,1454743796.65,0.0871930122375
1454743797.76,192.168.0.21,0,1454743797.6,4,1454743797.69,0.0914299488068
1454743798.74,192.168.0.21,0,1454743798.59,4,1454743798.65,0.0686929225922
1454743800.75,192.168.0.21,0,1454743800.59,4,1454743800.73,0.141819000244
1454743764.52,192.168.0.21,0,1454743764.36,4,1454743764.57,0.21705198288
1454743802.83,192.168.0.21,0,1454743802.67,4,1454743802.73,0.0626080036163
1454743803.84,192.168.0.21,0,1454743803.7,4,1454743803.81,0.111485958099
1454743805.8,192.168.0.21,0,1454743805.66,4,1454743805.75,0.0929801464081
1454743806.8,192.168.0.21,0,1454743806.65,4,1454743806.76,0.113887786865
1454743807.86,192.168.0.21,0,1454743807.7,4,1454743807.77,0.0718379020691
1454743808.8,192.168.0.21,0,1454743808.64,4,1454743808.72,0.0721859931946
1454743809.88,192.168.0.21,0,1454743809.73,4,1454743809.78,0.0500819683075
1454743811.84,192.168.0.21,0,1454743811.69,4,1454743811.78,0.0857949256897
1454743812.85,192.168.0.21,0,1454743812.71,4,1454743812.77,0.0559449195862
1454743813.87,192.168.0.21,0,1454743813.71,4,1454743813.86,0.155735969543
1454743815.88,192.168.0.21,0,1454743815.74,4,1454743815.82,0.0868489742279
1454743816.87,192.168.0.21,0,1454743816.73,4,1454743816.8,0.075562953949
1454743852.14,192.168.0.21,0,1454743851.97,4,1454743852.05,0.0819418430328
1454743818.88,192.168.0.21,0,1454743818.74,4,1454743818.82,0.0829291343689
1454743819.89,192.168.0.21,0,1454743819.75,4,1454743819.84,0.0906491279602
1454743820.9,192.168.0.21,0,1454743820.73,4,1454743820.82,0.0900940895081
1454743821.91,192.168.0.21,0,1454743821.74,4,1454743821.84,0.0959029197693
1454743822.91,192.168.0.21,0,1454743822.75,4,1454743822.84,0.0884971618652
1454743823.98,192.168.0.21,0,1454743823.85,4,1454743823.94,0.0894029140472
1454743824.99,192.168.0.21,0,1454743824.82,4,1454743824.89,0.069708108902
1454743825.99,192.168.0.21,0,1454743825.83,4,1454743825.9,0.0739488601685
1454743827.95,192.168.0.21,0,1454743827.79,4,1454743827.87,0.0847239494324
1454743830.97,192.168.0.21,0,1454743830.8,4,1454743830.86,0.060928106308
1454743769.55,192.168.0.21,0,1454743769.39,4,1454743769.52,0.126598834991
1454743832.03,192.168.0.21,0,1454743831.89,4,1454743832.03,0.139131069183
1454743835.0,192.168.0.21,0,1454743834.84,4,1454743834.9,0.0545709133148
1454743770.64,192.168.0.21,0,1454743770.47,4,1454743770.55,0.0734910964966
1454743838.02,192.168.0.21,0,1454743837.88,4,1454743837.94,0.0514240264893
1454743839.03,192.168.0.21,0,1454743838.87,4,1454743838.98,0.102419137955
1454743840.03,192.168.0.21,0,1454743839.86,4,1454743840.04,0.18270611763
1454743841.05,192.168.0.21,0,1454743840.89,4,1454743840.94,0.0547380447388
1454743771.56,192.168.0.21,0,1454743771.43,4,1454743771.47,0.0455930233002
1454743846.08,192.168.0.21,0,1454743845.95,4,1454743845.99,0.0480751991272
1454743850.1,192.168.0.21,0,1454743849.96,4,1454743850.04,0.0872049331665
1454743851.85,192.168.0.21,0,1454743851.69,4,1454743851.76,0.0735681056976
1454743852.11,192.168.0.21,0,1454743851.95,4,1454743852.0,0.0502049922943
1454743853.17,192.168.0.21,0,1454743853.01,4,1454743853.07,0.0598180294037
1454743840.14,192.168.0.21,0,1454743840.0,4,1454743840.12,0.124908924103
1454743856.15,192.168.0.21,0,1454743855.98,4,1454743856.08,0.094614982605
1454743857.15,192.168.0.21,0,1454743857.04,4,1454743857.09,0.0492930412292
1454743858.17,192.168.0.21,0,1454743858.0,4,1454743858.1,0.0979080200195
1454743846.13,192.168.0.21,0,1454743845.97,4,1454743846.06,0.0843639373779
1454743860.17,192.168.0.21,0,1454743860.04,4,1454743860.13,0.0915491580963
1454743859.16,192.168.0.21,0,1454743859.01,4,1454743859.07,0.060485124588
1454743863.19,192.168.0.21,0,1454743863.02,4,1454743863.09,0.0652151107788
1454743864.21,192.168.0.21,0,1454743864.05,4,1454743864.17,0.122857093811
1454743860.24,192.168.0.21,0,1454743860.07,4,1454743860.17,0.100118160248
1454743866.22,192.168.0.21,0,1454743866.06,4,1454743866.13,0.071925163269
1454743868.24,192.168.0.21,0,1454743868.07,4,1454743868.13,0.0556349754333
1454743869.25,192.168.0.21,0,1454743869.08,4,1454743869.13,0.0509061813354
1454743870.25,192.168.0.21,0,1454743870.08,4,1454743870.16,0.0757420063019
1454743861.23,192.168.0.21,0,1454743861.07,4,1454743861.18,0.102128982544
1454743776.62,192.168.0.21,0,1454743776.47,4,1454743776.58,0.112716913223
1454743874.37,192.168.0.21,0,1454743874.23,4,1454743874.26,0.0245909690857
1454743875.29,192.168.0.21,0,1454743875.12,4,1454743875.2,0.0765869617462
1454743879.33,192.168.0.21,0,1454743879.16,4,1454743879.23,0.0685501098633
1454743881.34,192.168.0.21,0,1454743881.17,4,1454743881.25,0.0869162082672
1454743885.37,192.168.0.21,0,1454743885.2,4,1454743885.26,0.0601530075073
1454743886.38,192.168.0.21,0,1454743886.23,4,1454743886.31,0.0748150348663
1454743888.39,192.168.0.21,0,1454743888.22,4,1454743888.31,0.0811700820923
1454743855.16,192.168.0.21,0,1454743855.01,4,1454743855.08,0.0791139602661
1454743779.61,192.168.0.21,0,1454743779.45,4,1454743779.54,0.0978100299835
1454743893.42,192.168.0.21,0,1454743893.25,4,1454743893.32,0.0688741207123
1454743894.42,192.168.0.21,0,1454743894.26,4,1454743894.33,0.0780501365662
1454743865.21,192.168.0.21,0,1454743865.05,4,1454743865.15,0.101639986038
1454743780.61,192.168.0.21,0,1454743780.45,4,1454743780.59,0.13475894928
1454743840.09,192.168.0.21,0,1454743839.95,4,1454743840.08,0.124775886536
1454743781.62,192.168.0.21,0,1454743781.45,4,1454743781.55,0.0933260917664
1454743868.26,192.168.0.21,0,1454743868.09,4,1454743868.18,0.0892128944397
1454743784.7,192.168.0.21,0,1454743784.57,4,1454743784.65,0.0851631164551
1454743859.22,192.168.0.21,0,1454743859.08,4,1454743859.15,0.0769929885864
1454743785.72,192.168.0.21,0,1454743785.56,4,1454743785.63,0.0717360973358
1454743871.26,192.168.0.21,0,1454743871.12,4,1454743871.43,0.310239076614
1454743865.59,192.168.0.21,0,1454743865.42,4,1454743865.53,0.110910892487
1454743855.14,192.168.0.21,0,1454743854.99,4,1454743855.07,0.0864810943604
1454743875.3,192.168.0.21,0,1454743875.14,4,1454743875.2,0.0668661594391
1454743791.69,192.168.0.21,0,1454743791.52,4,1454743791.65,0.124717950821
1454743792.69,192.168.0.21,0,1454743792.53,4,1454743792.63,0.101244926453
1454743837.07,192.168.0.21,0,1454743836.92,4,1454743837.02,0.104069948196
1454743795.71,192.168.0.21,0,1454743795.56,4,1454743795.64,0.075366973877
1454743881.35,192.168.0.21,0,1454743881.18,4,1454743881.28,0.0907418727875
1454743797.73,192.168.0.21,0,1454743797.57,4,1454743797.68,0.10653090477
1454743871.35,192.168.0.21,0,1454743871.23,4,1454743871.45,0.220009803772
1454743858.19,192.168.0.21,0,1454743858.03,4,1454743858.11,0.0782699584961
1454743776.59,192.168.0.21,0,1454743776.43,4,1454743776.53,0.0936419963837
1454743832.0,192.168.0.21,0,1454743831.85,4,1454743832.02,0.164152860641
1454743800.55,192.168.0.21,0,1454743800.4,4,1454743800.54,0.140561819077
1454743886.47,192.168.0.21,0,1454743886.3,4,1454743886.36,0.0617051124573
1454743866.67,192.168.0.21,0,1454743866.5,4,1454743866.6,0.0946879386902
1454743802.78,192.168.0.21,0,1454743802.63,4,1454743802.69,0.0624649524689
1454743888.42,192.168.0.21,0,1454743888.26,4,1454743888.36,0.0980401039124
1454743803.83,192.168.0.21,0,1454743803.7,4,1454743803.81,0.111226081848
1454743837.68,192.168.0.21,0,1454743837.52,4,1454743837.59,0.0703978538513
1454743889.42,192.168.0.21,0,1454743889.26,4,1454743889.35,0.0877521038055
1454743805.58,192.168.0.21,0,1454743805.41,4,1454743805.53,0.122862100601
1454743757.51,192.168.0.23,0,1454743757.36,4,1454743757.44,0.08873295784
1454743763.56,192.168.0.23,0,1454743763.41,4,1454743763.52,0.110410928726
1454743809.63,192.168.0.23,0,1454743809.53,4,1454743809.57,0.0399889945984
1454743812.68,192.168.0.23,0,1454743812.54,4,1454743812.63,0.0825731754303
1454743857.78,192.168.0.23,0,1454743857.67,4,1454743857.71,0.038024187088
1454743758.59,192.168.0.23,0,1454743758.47,4,1454743758.56,0.0877439975739
1454743814.68,192.168.0.23,0,1454743814.56,4,1454743814.78,0.225239992142
1454743843.7,192.168.0.23,0,1454743843.54,4,1454743843.62,0.0763790607452
1454743815.64,192.168.0.23,0,1454743815.57,4,1454743815.71,0.139461994171
1454743762.48,192.168.0.23,0,1454743762.33,4,1454743762.4,0.0665760040283
1454743818.65,192.168.0.23,0,1454743818.53,4,1454743818.66,0.131186008453
1454743765.53,192.168.0.23,0,1454743765.38,4,1454743765.49,0.103790998459
1454743885.92,192.168.0.23,0,1454743885.84,4,1454743885.94,0.0937669277191
1454743866.79,192.168.0.23,0,1454743866.63,4,1454743866.72,0.0840511322021
1454743826.07,192.168.0.23,0,1454743825.9,4,1454743825.99,0.0841379165649
1454743743.35,192.168.0.23,0,1454743743.19,4,1454743743.26,0.0668671131134
1454743832.68,192.168.0.23,0,1454743832.56,4,1454743832.58,0.0258958339691
1454743814.64,192.168.0.23,0,1454743814.56,4,1454743814.67,0.109532833099
1454743843.75,192.168.0.23,0,1454743843.58,4,1454743843.71,0.13102221489
1454743835.68,192.168.0.23,0,1454743835.58,4,1454743835.65,0.0753660202026
1454743861.74,192.168.0.23,0,1454743861.64,4,1454743861.64,0.00080680847168
1454743766.53,192.168.0.23,0,1454743766.42,4,1454743766.47,0.0557780265808
1454743742.52,192.168.0.23,0,1454743742.35,4,1454743742.43,0.073233127594
1454743743.48,192.168.0.23,0,1454743743.32,4,1454743743.46,0.13120007515
1454743744.48,192.168.0.23,0,1454743744.34,4,1454743744.42,0.0873918533325
1454743840.19,192.168.0.23,0,1454743840.05,4,1454743840.14,0.0929789543152
1454743755.51,192.168.0.23,0,1454743755.37,4,1454743755.49,0.120270013809
1454743748.49,192.168.0.23,0,1454743748.33,4,1454743748.44,0.110718011856
1454743749.49,192.168.0.23,0,1454743749.33,4,1454743749.41,0.0830080509186
1454743751.5,192.168.0.23,0,1454743751.34,4,1454743751.39,0.0555219650269
1454743753.5,192.168.0.23,0,1454743753.34,4,1454743753.44,0.0988700389862
1454743755.51,192.168.0.23,0,1454743755.35,4,1454743755.49,0.138753175735
1454743756.51,192.168.0.23,0,1454743756.35,4,1454743756.56,0.21417593956
1454743757.55,192.168.0.23,0,1454743757.39,4,1454743757.49,0.10079407692
1454743758.55,192.168.0.23,0,1454743758.44,4,1454743758.54,0.101250171661
1454743757.51,192.168.0.23,0,1454743757.37,4,1454743757.47,0.0973968505859
1454743760.52,192.168.0.23,0,1454743760.35,4,1454743760.44,0.0886828899384
1454743761.56,192.168.0.23,0,1454743761.45,4,1454743761.54,0.0876231193542
1454743762.56,192.168.0.23,0,1454743762.4,4,1454743762.5,0.100414991379
1454743763.52,192.168.0.23,0,1454743763.36,4,1454743763.44,0.0778059959412
1454743758.51,192.168.0.23,0,1454743758.36,4,1454743758.45,0.084361076355
1454743766.57,192.168.0.23,0,1454743766.42,4,1454743766.48,0.0625360012054
1454743767.57,192.168.0.23,0,1454743767.44,4,1454743767.51,0.0708138942719
1454743762.52,192.168.0.23,0,1454743762.35,4,1454743762.49,0.136080026627
1454743843.75,192.168.0.23,0,1454743843.57,4,1454743843.7,0.129570960999
1454743770.58,192.168.0.23,0,1454743770.42,4,1454743770.49,0.0702478885651
1454743771.59,192.168.0.23,0,1454743771.43,4,1454743771.5,0.0669231414795
1454743773.55,192.168.0.23,0,1454743773.39,4,1454743773.46,0.0729269981384
1454743774.55,192.168.0.23,0,1454743774.41,4,1454743774.51,0.106588840485
1454743775.55,192.168.0.23,0,1454743775.39,4,1454743775.48,0.0853459835052
1454743778.56,192.168.0.23,0,1454743778.41,4,1454743778.51,0.10399389267
1454743779.56,192.168.0.23,0,1454743779.4,4,1454743779.47,0.0730350017548
1454743780.57,192.168.0.23,0,1454743780.42,4,1454743780.48,0.0612790584564
1454743781.61,192.168.0.23,0,1454743781.44,4,1454743781.53,0.0907011032104
1454743782.57,192.168.0.23,0,1454743782.41,4,1454743782.47,0.0631530284882
1454743786.58,192.168.0.23,0,1454743786.45,4,1454743786.56,0.109087944031
1454743787.58,192.168.0.23,0,1454743787.42,4,1454743787.54,0.11598110199
1454743789.58,192.168.0.23,0,1454743789.43,4,1454743789.49,0.0617668628693
1454743791.97,192.168.0.23,0,1454743791.88,4,1454743791.96,0.0762979984283
1454743793.59,192.168.0.23,0,1454743793.43,4,1454743793.54,0.112323999405
1454743795.72,192.168.0.23,0,1454743795.55,4,1454743795.62,0.0641000270844
1454743796.64,192.168.0.23,0,1454743796.52,4,1454743796.55,0.0290019512177
1454743797.65,192.168.0.23,0,1454743797.49,4,1454743797.59,0.0961520671844
1454743799.65,192.168.0.23,0,1454743799.48,4,1454743799.61,0.127633094788
1454743800.61,192.168.0.23,0,1454743800.48,4,1454743800.55,0.0677108764648
1454743758.52,192.168.0.23,0,1454743758.38,4,1454743758.52,0.136165142059
1454743803.84,192.168.0.23,0,1454743803.7,4,1454743803.79,0.0895159244537
1454743804.66,192.168.0.23,0,1454743804.49,4,1454743804.56,0.0746870040894
1454743805.33,192.168.0.23,0,1454743805.16,4,1454743805.25,0.0955979824066
1454743806.67,192.168.0.23,0,1454743806.5,4,1454743806.6,0.102255821228
1454743807.67,192.168.0.23,0,1454743807.6,4,1454743807.64,0.0393648147583
1454743808.63,192.168.0.23,0,1454743808.48,4,1454743808.6,0.114562034607
1454743809.63,192.168.0.23,0,1454743809.52,4,1454743809.55,0.0233390331268
1454743810.67,192.168.0.23,0,1454743810.52,4,1454743810.62,0.103133916855
1454743811.68,192.168.0.23,0,1454743811.52,4,1454743811.62,0.0939891338348
1454743812.64,192.168.0.23,0,1454743812.51,4,1454743812.55,0.0353209972382
1454743813.64,192.168.0.23,0,1454743813.58,4,1454743813.67,0.094810962677
1454743814.13,192.168.0.23,0,1454743813.96,4,1454743814.03,0.07173204422
1454743815.68,192.168.0.23,0,1454743815.58,4,1454743815.72,0.133274078369
1454743816.64,192.168.0.23,0,1454743816.47,4,1454743816.56,0.0894720554352
1454743818.65,192.168.0.23,0,1454743818.53,4,1454743818.58,0.0532581806183
1454743822.66,192.168.0.23,0,1454743822.49,4,1454743822.55,0.0592739582062
1454743823.66,192.168.0.23,0,1454743823.49,4,1454743823.55,0.0606360435486
1454743825.66,192.168.0.23,0,1454743825.6,4,1454743825.64,0.0451838970184
1454743814.64,192.168.0.23,0,1454743814.54,4,1454743814.65,0.108960151672
1454743828.67,192.168.0.23,0,1454743828.51,4,1454743828.61,0.10847902298
1454743829.72,192.168.0.23,0,1454743829.56,4,1454743829.68,0.124316930771
1454743830.67,192.168.0.23,0,1454743830.56,4,1454743830.63,0.0721070766449
1454743832.68,192.168.0.23,0,1454743832.56,4,1454743832.58,0.0217092037201
1454743835.68,192.168.0.23,0,1454743835.51,4,1454743835.63,0.115697145462
1454743770.54,192.168.0.23,0,1454743770.39,4,1454743770.48,0.0944998264313
1454743839.74,192.168.0.23,0,1454743839.63,4,1454743839.65,0.0200688838959
1454743763.57,192.168.0.23,0,1454743763.45,4,1454743763.53,0.0759348869324
1454743841.74,192.168.0.23,0,1454743841.67,4,1454743841.67,0.00214600563049
1454743842.44,192.168.0.23,0,1454743842.28,4,1454743842.37,0.0862829685211
1454743843.7,192.168.0.23,0,1454743843.54,4,1454743843.61,0.0754640102386
1454743844.7,192.168.0.23,0,1454743844.53,4,1454743844.68,0.155215978622
1454743845.7,192.168.0.23,0,1454743845.54,4,1454743845.66,0.114163160324
1454743847.71,192.168.0.23,0,1454743847.64,4,1454743847.64,0.00218391418457
1454743859.74,192.168.0.23,0,1454743859.59,4,1454743859.69,0.100775957108
1454743850.71,192.168.0.23,0,1454743850.58,4,1454743850.62,0.0430660247803
1454743853.72,192.168.0.23,0,1454743853.65,4,1454743853.65,0.000838994979858
1454743854.72,192.168.0.23,0,1454743854.67,4,1454743854.68,0.00400304794312
1454743773.11,192.168.0.23,0,1454743772.94,4,1454743773.01,0.0686631202698
1454743856.73,192.168.0.23,0,1454743856.57,4,1454743856.63,0.0636320114136
1454743857.73,192.168.0.23,0,1454743857.65,4,1454743857.68,0.0365450382233
1454743858.78,192.168.0.23,0,1454743858.61,4,1454743858.68,0.0657649040222
1454743859.73,192.168.0.23,0,1454743859.59,4,1454743859.68,0.0892910957336
1454743860.74,192.168.0.23,0,1454743860.59,4,1454743860.66,0.067400932312
1454743774.55,192.168.0.23,0,1454743774.38,4,1454743774.51,0.131421804428
1454743862.74,192.168.0.23,0,1454743862.77,4,1454743862.77,0.000808954238892
1454743863.74,192.168.0.23,0,1454743863.58,4,1454743863.67,0.0904169082642
1454743865.75,192.168.0.23,0,1454743865.62,4,1454743865.76,0.144505023956
1454743866.75,192.168.0.23,0,1454743866.6,4,1454743866.7,0.0977628231049
1454743858.95,192.168.0.23,0,1454743858.79,4,1454743858.85,0.0529758930206
1454743868.75,192.168.0.23,0,1454743868.61,4,1454743868.69,0.0728378295898
1454743869.76,192.168.0.23,0,1454743869.59,4,1454743869.64,0.0520429611206
1454743840.74,192.168.0.23,0,1454743840.57,4,1454743840.64,0.073312997818
1454743872.77,192.168.0.23,0,1454743872.61,4,1454743872.67,0.0642721652985
1454743873.77,192.168.0.23,0,1454743873.6,4,1454743873.67,0.0661399364471
1454743874.77,192.168.0.23,0,1454743874.6,4,1454743874.66,0.0632181167603
1454743876.78,192.168.0.23,0,1454743876.62,4,1454743876.71,0.0986039638519
1454743877.23,192.168.0.23,0,1454743877.06,4,1454743877.13,0.0644609928131
1454743878.78,192.168.0.23,0,1454743878.61,4,1454743878.69,0.0750620365143
1454743844.7,192.168.0.23,0,1454743844.54,4,1454743844.69,0.148275136948
1454743770.54,192.168.0.23,0,1454743770.38,4,1454743770.48,0.098953962326
1454743882.79,192.168.0.23,0,1454743882.64,4,1454743882.71,0.0759358406067
1454743863.84,192.168.0.23,0,1454743863.68,4,1454743863.76,0.0795118808746
1454743884.79,192.168.0.23,0,1454743884.62,4,1454743884.71,0.0932259559631
1454743885.79,192.168.0.23,0,1454743885.62,4,1454743885.84,0.219534873962
1454743887.8,192.168.0.23,0,1454743887.63,4,1454743887.7,0.0698890686035
1454743888.8,192.168.0.23,0,1454743888.64,4,1454743888.74,0.0953531265259
1454743889.8,192.168.0.23,0,1454743889.7,4,1454743889.72,0.0218031406403
1454743890.81,192.168.0.23,0,1454743890.63,4,1454743890.69,0.0607039928436
1454743891.81,192.168.0.23,0,1454743891.65,4,1454743891.77,0.119071006775
1454743780.56,192.168.0.23,0,1454743780.4,4,1454743780.47,0.0666749477386
1454743866.75,192.168.0.23,0,1454743866.62,4,1454743866.71,0.0848751068115
1454743815.65,192.168.0.23,0,1454743815.58,4,1454743815.71,0.131859064102
1454743782.61,192.168.0.23,0,1454743782.46,4,1454743782.54,0.0746741294861
1454743854.73,192.168.0.23,0,1454743854.68,4,1454743854.72,0.0422809123993
1454743762.52,192.168.0.23,0,1454743762.38,4,1454743762.49,0.104972839355
1454743786.58,192.168.0.23,0,1454743786.45,4,1454743786.56,0.110495090485
1454743857.73,192.168.0.23,0,1454743857.67,4,1454743857.69,0.0164489746094
1454743876.78,192.168.0.23,0,1454743876.64,4,1454743876.71,0.071918964386
1454743743.84,192.168.0.23,0,1454743743.67,4,1454743743.75,0.0828721523285
1454743878.82,192.168.0.23,0,1454743878.65,4,1454743878.74,0.0852580070496
1454743842.7,192.168.0.23,0,1454743842.52,4,1454743842.61,0.0923509597778
1454743797.65,192.168.0.23,0,1454743797.47,4,1454743797.58,0.109092950821
1454743883.79,192.168.0.23,0,1454743883.66,4,1454743883.91,0.242635011673
1454743884.83,192.168.0.23,0,1454743884.66,4,1454743884.74,0.0753312110901
1454743799.61,192.168.0.23,0,1454743799.44,4,1454743799.52,0.0820219516754
1454743885.8,192.168.0.23,0,1454743885.64,4,1454743885.84,0.208335876465
1454743800.61,192.168.0.23,0,1454743800.46,4,1454743800.55,0.090747833252
1454743847.71,192.168.0.23,0,1454743847.64,4,1454743847.68,0.0414500236511
1454743802.61,192.168.0.23,0,1454743802.44,4,1454743802.5,0.0621991157532
1454743888.8,192.168.0.23,0,1454743888.64,4,1454743888.75,0.108665943146
1454743804.62,192.168.0.23,0,1454743804.45,4,1454743804.53,0.0744731426239
1454743891.81,192.168.0.23,0,1454743891.66,4,1454743891.78,0.11056804657
1454523563.21,192.168.0.15,0,1454743881.04,4,1454743881.1,0.0664279460907
1454523560.17,192.168.0.15,0,1454743877.98,4,1454743878.06,0.0871739387512
1454523565.18,192.168.0.15,0,1454743882.99,4,1454743883.08,0.098424911499
1454523480.0,192.168.0.15,0,1454743797.81,4,1454743797.89,0.0777840614319
1454523565.21,192.168.0.15,0,1454743883.01,4,1454743883.11,0.0986530780792
1454523427.89,192.168.0.15,0,1454743745.71,4,1454743745.76,0.0578329563141
1454523428.89,192.168.0.15,0,1454743746.7,4,1454743746.75,0.0526170730591
1454523430.89,192.168.0.15,0,1454743748.7,4,1454743748.77,0.066773891449
1454523431.89,192.168.0.15,0,1454743749.7,4,1454743749.8,0.103924036026
1454523432.9,192.168.0.15,0,1454743750.7,4,1454743750.79,0.0823340415955
1454523484.21,192.168.0.15,0,1454743802.02,4,1454743802.1,0.0820419788361
1454523435.23,192.168.0.15,0,1454743753.04,4,1454743753.09,0.0558819770813
1454523437.91,192.168.0.15,0,1454743755.76,4,1454743755.78,0.0170722007751
1454523438.92,192.168.0.15,0,1454743756.82,4,1454743756.91,0.0970668792725
1454523439.91,192.168.0.15,0,1454743757.72,4,1454743757.78,0.0551810264587
1454523440.95,192.168.0.15,0,1454743758.75,4,1454743758.83,0.0814568996429
1454523443.92,192.168.0.15,0,1454743761.73,4,1454743761.82,0.092668056488
1454523444.92,192.168.0.15,0,1454743762.73,4,1454743762.8,0.0672318935394
1454523445.92,192.168.0.15,0,1454743763.73,4,1454743763.79,0.0586709976196
1454523446.93,192.168.0.15,0,1454743764.74,4,1454743764.8,0.0614929199219
1454523572.23,192.168.0.15,0,1454743890.03,4,1454743890.1,0.0753359794617
1454523450.93,192.168.0.15,0,1454743768.74,4,1454743768.81,0.0650448799133
1454523451.94,192.168.0.15,0,1454743769.75,4,1454743769.82,0.0696799755096
1454523453.97,192.168.0.15,0,1454743771.77,4,1454743771.85,0.0778751373291
1454523454.86,192.168.0.15,0,1454743772.67,4,1454743772.73,0.0575890541077
1454523573.2,192.168.0.15,0,1454743891.01,4,1454743891.11,0.101438999176
1454523456.98,192.168.0.15,0,1454743774.81,4,1454743774.88,0.0732049942017
1454523457.95,192.168.0.15,0,1454743775.77,4,1454743775.83,0.0639169216156
1454523460.99,192.168.0.15,0,1454743778.8,4,1454743778.88,0.0811839103699
1454523574.21,192.168.0.15,0,1454743892.05,4,1454743892.08,0.0306179523468
1454523462.96,192.168.0.15,0,1454743780.77,4,1454743780.82,0.0513908863068
1454523489.01,192.168.0.15,0,1454743806.82,4,1454743806.92,0.0944581031799
1454523465.97,192.168.0.15,0,1454743783.86,4,1454743783.88,0.0200431346893
1454523468.97,192.168.0.15,0,1454743786.78,4,1454743786.86,0.0833270549774
1454523471.96,192.168.0.15,0,1454743789.76,4,1454743789.85,0.0866289138794
1454523472.98,192.168.0.15,0,1454743790.79,4,1454743790.86,0.069244146347
1454523474.98,192.168.0.15,0,1454743792.79,4,1454743792.89,0.0948150157928
1454523476.02,192.168.0.15,0,1454743793.86,4,1454743793.92,0.0566840171814
1454523477.99,192.168.0.15,0,1454743795.81,4,1454743795.86,0.0573120117188
1454523478.99,192.168.0.15,0,1454743796.8,4,1454743796.86,0.0655469894409
1454523480.0,192.168.0.15,0,1454743797.8,4,1454743797.87,0.0643742084503
1454523481.0,192.168.0.15,0,1454743798.81,4,1454743798.89,0.0769999027252
1454523484.4,192.168.0.15,0,1454743802.22,4,1454743802.27,0.0512890815735
1454523485.04,192.168.0.15,0,1454743802.84,4,1454743802.94,0.0983710289001
1454523486.01,192.168.0.15,0,1454743803.81,4,1454743803.88,0.0625948905945
1454523487.04,192.168.0.15,0,1454743804.85,4,1454743804.9,0.0511000156403
1454523488.02,192.168.0.15,0,1454743805.82,4,1454743805.91,0.0851240158081
1454523489.05,192.168.0.15,0,1454743806.86,4,1454743806.93,0.0713829994202
1454523490.02,192.168.0.15,0,1454743807.82,4,1454743807.88,0.0591838359833
1454523491.02,192.168.0.15,0,1454743808.83,4,1454743808.89,0.067479133606
1454523493.02,192.168.0.15,0,1454743810.83,4,1454743810.89,0.060928106308
1454523494.03,192.168.0.15,0,1454743811.83,4,1454743811.9,0.0649240016937
1454523497.03,192.168.0.15,0,1454743814.85,4,1454743814.92,0.0722720623016
1454523498.04,192.168.0.15,0,1454743815.84,4,1454743815.92,0.0812110900879
1454523499.04,192.168.0.15,0,1454743816.84,4,1454743817.02,0.176403045654
1454523501.04,192.168.0.15,0,1454743818.86,4,1454743818.92,0.0589330196381
1454523502.05,192.168.0.15,0,1454743819.86,4,1454743819.97,0.111644983292
1454523503.36,192.168.0.15,0,1454743821.17,4,1454743821.24,0.0749690532684
1454523506.06,192.168.0.15,0,1454743823.89,4,1454743823.98,0.0935490131378
1454523507.06,192.168.0.15,0,1454743824.86,4,1454743824.97,0.107656955719
1454523509.09,192.168.0.15,0,1454743826.97,4,1454743826.99,0.0210251808167
1454523511.07,192.168.0.15,0,1454743828.87,4,1454743828.95,0.0786731243134
1454523514.07,192.168.0.15,0,1454743831.89,4,1454743832.01,0.114769935608
1454523515.07,192.168.0.15,0,1454743832.88,4,1454743832.98,0.108772993088
1454523517.08,192.168.0.15,0,1454743834.89,4,1454743835.0,0.106775999069
1454523518.11,192.168.0.15,0,1454743835.91,4,1454743835.99,0.080757856369
1454523517.84,192.168.0.15,0,1454743835.65,4,1454743835.69,0.0477321147919
1454523520.08,192.168.0.15,0,1454743837.89,4,1454743837.97,0.0834538936615
1454523521.08,192.168.0.15,0,1454743838.9,4,1454743838.99,0.0830929279327
1454523522.09,192.168.0.15,0,1454743839.92,4,1454743840.06,0.144560098648
1454523523.12,192.168.0.15,0,1454743840.92,4,1454743841.03,0.111671209335
1454523527.1,192.168.0.15,0,1454743844.92,4,1454743845.02,0.0996291637421
1454523528.1,192.168.0.15,0,1454743845.91,4,1454743846.0,0.085638999939
1454523529.1,192.168.0.15,0,1454743847.02,4,1454743847.02,0.00200796127319
1454523532.11,192.168.0.15,0,1454743849.92,4,1454743850.0,0.0784471035004
1454523533.11,192.168.0.15,0,1454743850.91,4,1454743850.98,0.0696630477905
1454523534.11,192.168.0.15,0,1454743851.91,4,1454743851.97,0.0562942028046
1454523535.11,192.168.0.15,0,1454743852.94,4,1454743853.03,0.0823340415955
1454523549.14,192.168.0.15,0,1454743866.95,4,1454743867.04,0.0911610126495
1454523539.12,192.168.0.15,0,1454743857.04,4,1454743857.04,0.00234794616699
1454523540.12,192.168.0.15,0,1454743857.93,4,1454743858.03,0.0995979309082
1454523502.07,192.168.0.15,0,1454743819.88,4,1454743819.98,0.0968811511993
1454523542.13,192.168.0.15,0,1454743859.93,4,1454743860.0,0.0654389858246
1454523543.13,192.168.0.15,0,1454743860.94,4,1454743861.0,0.0645711421967
1454523544.22,192.168.0.15,0,1454743862.02,4,1454743862.07,0.0544629096985
1454523546.14,192.168.0.15,0,1454743863.94,4,1454743864.0,0.0598089694977
1454523503.05,192.168.0.15,0,1454743820.86,4,1454743820.94,0.075021982193
1454523548.14,192.168.0.15,0,1454743865.95,4,1454743866.04,0.08731508255
1454523502.04,192.168.0.15,0,1454743819.85,4,1454743819.97,0.116112947464
1454523550.15,192.168.0.15,0,1454743867.96,4,1454743868.04,0.0825591087341
1454523551.51,192.168.0.15,0,1454743869.31,4,1454743869.41,0.0970568656921
1454523552.15,192.168.0.15,0,1454743869.96,4,1454743870.06,0.0990710258484
1454523553.15,192.168.0.15,0,1454743871.0,4,1454743871.4,0.39284992218
1454523559.17,192.168.0.15,0,1454743876.97,4,1454743877.07,0.0986261367798
1454523560.09,192.168.0.15,0,1454743877.93,4,1454743877.98,0.0537059307098
1454523488.01,192.168.0.15,0,1454743805.82,4,1454743805.88,0.0579180717468
1454523562.17,192.168.0.15,0,1454743880.07,4,1454743880.07,0.00154185295105
1454523563.18,192.168.0.15,0,1454743880.98,4,1454743881.08,0.1007771492
1454523564.18,192.168.0.15,0,1454743881.98,4,1454743882.06,0.0793921947479
1454523506.05,192.168.0.15,0,1454743823.86,4,1454743823.93,0.0755589008331
1454523566.18,192.168.0.15,0,1454743883.99,4,1454743884.19,0.194077014923
1454523568.19,192.168.0.15,0,1454743885.99,4,1454743886.06,0.0724470615387
1454523569.19,192.168.0.15,0,1454743887.04,4,1454743887.09,0.0522878170013
1454523570.19,192.168.0.15,0,1454743887.99,4,1454743888.07,0.0758140087128
1454523571.19,192.168.0.15,0,1454743889.0,4,1454743889.1,0.099867105484
1454523572.21,192.168.0.15,0,1454743890.02,4,1454743890.07,0.0545201301575
1454523573.2,192.168.0.15,0,1454743891.0,4,1454743891.09,0.0942969322205
1454523574.2,192.168.0.15,0,1454743892.05,4,1454743892.07,0.0157911777496
1454523575.2,192.168.0.15,0,1454743893.07,4,1454743893.08,0.000917911529541
1454523576.69,192.168.0.15,0,1454743894.49,4,1454743894.55,0.0649199485779
1454523509.06,192.168.0.15,0,1454743826.97,4,1454743826.97,0.00146293640137
1454523511.06,192.168.0.15,0,1454743828.87,4,1454743828.95,0.0787680149078
1454523456.98,192.168.0.15,0,1454743774.81,4,1454743774.85,0.0457229614258
1454523561.2,192.168.0.15,0,1454743879.01,4,1454743879.06,0.0593750476837
1454523517.08,192.168.0.15,0,1454743834.89,4,1454743834.98,0.0903270244598
1454523432.9,192.168.0.15,0,1454743750.71,4,1454743750.79,0.0803780555725
1454523518.11,192.168.0.15,0,1454743835.92,4,1454743836.01,0.0976738929749
1454523433.9,192.168.0.15,0,1454743751.71,4,1454743751.79,0.0764548778534
1454523527.58,192.168.0.15,0,1454743845.39,4,1454743845.45,0.058228969574
1454523569.19,192.168.0.15,0,1454743887.04,4,1454743887.09,0.0521280765533
1454523553.37,192.168.0.15,0,1454743871.2,4,1454743871.44,0.247494935989
1454523484.0,192.168.0.15,0,1454743801.81,4,1454743801.87,0.0624468326569
1454523523.12,192.168.0.15,0,1454743840.92,4,1454743841.08,0.154190063477
1454523438.91,192.168.0.15,0,1454743756.82,4,1454743756.9,0.0840167999268
1454523574.23,192.168.0.15,0,1454743892.05,4,1454743892.1,0.0426421165466
1454523527.1,192.168.0.15,0,1454743844.92,4,1454743845.02,0.0995931625366
1454523485.01,192.168.0.15,0,1454743802.81,4,1454743802.86,0.0495569705963
1454523485.04,192.168.0.15,0,1454743802.85,4,1454743802.96,0.117660045624
1454523443.92,192.168.0.15,0,1454743761.73,4,1454743761.82,0.0898079872131
1454523529.1,192.168.0.15,0,1454743847.02,4,1454743847.02,0.0012378692627
1454523444.92,192.168.0.15,0,1454743762.73,4,1454743762.81,0.07537317276
1454523549.14,192.168.0.15,0,1454743866.95,4,1454743867.05,0.0985009670258
1454523570.19,192.168.0.15,0,1454743888.0,4,1454743888.07,0.0778541564941
1454523561.18,192.168.0.15,0,1454743878.98,4,1454743879.06,0.080500125885
1454523535.12,192.168.0.15,0,1454743852.95,4,1454743853.05,0.108561992645
1454523540.15,192.168.0.15,0,1454743857.96,4,1454743858.04,0.0849781036377
1454523539.15,192.168.0.15,0,1454743857.04,4,1454743857.06,0.0230288505554
1454523454.94,192.168.0.15,0,1454743772.76,4,1454743772.82,0.0603818893433
1454523540.13,192.168.0.15,0,1454743857.93,4,1454743858.03,0.0998599529266
1454523456.98,192.168.0.15,0,1454743774.81,4,1454743774.89,0.0767250061035
1454523542.43,192.168.0.15,0,1454743860.24,4,1454743860.3,0.0592770576477
1454523457.95,192.168.0.15,0,1454743775.75,4,1454743775.81,0.0616948604584
1454523553.18,192.168.0.15,0,1454743871.14,4,1454743871.43,0.294659852982
1454523565.19,192.168.0.15,0,1454743882.99,4,1454743883.11,0.1164290905
1454523460.95,192.168.0.15,0,1454743778.76,4,1454743778.83,0.0706679821014
1454523546.17,192.168.0.15,0,1454743863.97,4,1454743864.03,0.0618379116058
1454523547.14,192.168.0.15,0,1454743864.96,4,1454743865.09,0.130497932434
1454523563.22,192.168.0.15,0,1454743881.05,4,1454743881.13,0.0727939605713
1454523493.96,192.168.0.15,0,1454743811.8,4,1454743811.87,0.0700500011444
1454523547.15,192.168.0.15,0,1454743864.96,4,1454743865.12,0.161204099655
1454523465.97,192.168.0.15,0,1454743783.84,4,1454743783.86,0.0212318897247
1454523433.9,192.168.0.15,0,1454743751.72,4,1454743751.8,0.0809710025787
1454523553.16,192.168.0.15,0,1454743871.04,4,1454743871.42,0.384922027588
1454523468.98,192.168.0.15,0,1454743786.79,4,1454743786.87,0.0768570899963
1454523506.05,192.168.0.15,0,1454743823.87,4,1454743823.97,0.102687120438
1454523472.99,192.168.0.15,0,1454743790.79,4,1454743790.87,0.0775699615479
1454523559.17,192.168.0.15,0,1454743876.97,4,1454743877.08,0.105616092682
1454523560.17,192.168.0.15,0,1454743877.97,4,1454743878.06,0.0855419635773
1454523561.17,192.168.0.15,0,1454743878.97,4,1454743879.03,0.0621249675751
1454523562.17,192.168.0.15,0,1454743880.07,4,1454743880.07,0.000970125198364
